ProjectID,ProjectName,StartDate,EndDate,Budget,Status
a14aedc1-0f6a-467d-91cd-f4b102f66347,Automated web-enabled help-desk,2022-02-17,2025-01-06,412490,Completed
c7d4d6a7-5ca8-4ab9-add2-5e2998a05be1,Monitored incremental forecast,2020-05-11,2024-02-03,467784,Completed
3edc6fa7-a6b9-4b22-bc13-954a51c12beb,Pre-emptive incremental moratorium,2022-07-14,2024-07-10,488429,Active
57e4c00b-b062-4461-aeb5-86795916e8f4,Team-oriented disintermediate forecast,2023-11-08,2024-08-21,312140,Completed
915f4621-5ba2-4975-ad56-beb080c1a3ed,Balanced next generation forecast,2023-07-25,2024-06-06,69951,Active
5d18a4bf-2efc-4b66-b80e-8644dbb9d9bf,Networked zero-defect approach,2023-05-21,2024-05-01,210782,Active
fd36a36a-1b06-44dc-bf7c-aaf17dbf8e5d,Implemented homogeneous projection,2020-07-22,2024-07-26,475398,Completed
8f7b167c-2ae8-48b5-a869-661552a3c09f,Visionary system-worthy intranet,2021-01-27,2024-07-28,253675,On Hold
4890414a-1ad5-4beb-a749-c124c4d60f3a,Re-contextualized cohesive Local Area Network,2023-09-10,2024-11-01,185591,Completed
b62a8477-d3fb-4c4a-bd13-b98006f57b13,Reduced empowering approach,2023-09-21,2024-12-30,69413,Active
13b97c23-4407-4414-ba55-a64b0179efa5,Business-focused explicit middleware,2023-07-16,2024-12-30,200156,Active
c21bd3eb-75cf-49ec-9ea4-9460c7ffaba0,Organized mission-critical solution,2022-04-08,2024-01-26,66556,On Hold
36ad2af6-fe51-479f-8789-d8d4fb8a7c89,Focused client-driven artificial intelligence,2021-05-20,2024-11-04,317284,Active
74f511ed-fef7-425f-a197-5fbc0d36f34b,De-engineered 4thgeneration Graphic Interface,2023-12-25,2024-07-02,499565,Active
37446b57-1bec-415d-be00-83f1e62cd5d1,Open-source object-oriented process improvement,2023-12-07,2024-11-11,240077,On Hold
404dde33-797a-4893-89dc-1c2aba3ae82b,Balanced reciprocal moratorium,2021-05-23,2024-01-17,117225,Active
ccb64464-9ee1-42b8-a04a-5ae3bd733b70,Self-enabling 3rdgeneration collaboration,2020-02-29,2024-06-09,490030,On Hold
4753614b-2f7e-45d1-8d44-a6313877fb27,Fully-configurable 4thgeneration moderator,2023-12-25,2024-12-04,472031,On Hold
6e9eb4d8-1b76-480e-9af7-e83428f45e44,Balanced modular support,2023-01-12,2024-03-13,60025,Completed
4839e5c5-6a2d-453f-aa54-8e14d46f8104,Stand-alone regional time-frame,2023-08-01,2024-01-13,287820,On Hold
7b71b98f-a8ad-4733-a323-2cb15f46ea51,Extended tertiary protocol,2020-08-05,2025-01-05,130187,Active
497b83c6-5f88-4979-9a65-0b68bd09a8e1,Mandatory client-server structure,2023-07-07,2024-12-10,379579,On Hold
65b387c7-2498-4451-920b-9f660b49fcf4,Fully-configurable object-oriented benchmark,2022-08-03,2024-06-25,492585,Active
4ac4792c-173b-480a-a37d-d3caa02df0ee,Reactive demand-driven archive,2021-03-11,2024-08-30,16630,Active
32f6fc18-153a-47ab-818c-70be8aebeb55,Monitored encompassing website,2023-04-29,2024-12-20,36420,On Hold
baeb586b-5f7b-47b4-a568-00ded12fffa2,Horizontal static secured line,2021-05-17,2024-05-03,299707,Active
3cb0ce7a-06e9-4e7b-bab7-457439a3114e,Versatile real-time customer loyalty,2023-12-13,2024-06-03,49921,On Hold
0d1780b3-2b8f-4e7e-95c2-f4c72cdb9568,Virtual tangible product,2023-07-05,2024-04-26,117257,On Hold
e53ba771-221b-4000-b485-98cb5049c506,Customer-focused encompassing focus group,2021-06-05,2024-12-27,292272,On Hold
5e72716c-2ce8-433d-bb6c-af672d621a8b,Automated responsive emulation,2022-06-18,2024-09-12,407437,Active
84eaaf18-3893-4943-9189-aec8a5133b73,Business-focused well-modulated portal,2021-01-15,2024-05-14,494036,Completed
29405dae-ccd1-4bc5-8c35-75e7a1ee8f74,Profit-focused incremental contingency,2021-07-12,2024-02-21,215301,On Hold
9ce0dcd3-ed3d-42c0-82b7-2d8a2bf91298,Visionary foreground groupware,2020-05-12,2025-01-04,69922,On Hold
1bfcddcd-af23-4168-b0b3-8bf42e460e24,Synchronized client-driven workforce,2022-10-02,2024-11-24,10085,On Hold
a76773d0-8038-40cf-b308-dce5f3608c18,Fully-configurable transitional attitude,2021-08-18,2024-02-05,268854,Completed
9bfca520-e3d9-4646-9643-56ecb7ef5d0f,Assimilated radical info-mediaries,2021-05-29,2024-12-22,445521,Active
0940dc21-55e1-4589-9570-fddcbd5b3e0f,Focused tertiary projection,2023-11-17,2024-10-08,251134,Completed
75c97376-22f2-4c7e-9dd2-f8a73b0a1e97,Compatible bi-directional model,2023-03-03,2024-03-01,432997,Active
245e99ed-4a90-4f9d-bb18-f519487d4d00,Customer-focused optimizing process improvement,2022-11-07,2024-06-13,246012,On Hold
071c0568-b187-4393-96ba-538760193935,Future-proofed directional extranet,2020-12-22,2024-02-03,363753,Completed
4f36b4a4-5a47-4615-841e-2e7e4359d1fc,Vision-oriented user-facing emulation,2022-04-24,2024-10-27,193642,On Hold
13c20fb1-e926-40c7-b33e-ea4483267a7a,Face-to-face bandwidth-monitored superstructure,2022-08-01,2024-10-30,408397,Completed
e1674bd7-0327-41ee-8c09-345bad402988,Quality-focused contextually-based customer loyalty,2021-05-10,2024-07-28,298112,Completed
530522a4-4f98-4e45-aad2-1d6376f87f79,Monitored attitude-oriented initiative,2021-12-22,2024-06-28,409067,Active
bec1d492-c2a0-43ad-a2c9-ef899914105c,Re-engineered user-facing task-force,2021-11-19,2024-12-21,165374,On Hold
701db672-fef6-4400-82cc-3fde95eecd08,Digitized stable artificial intelligence,2020-02-12,2024-06-15,350310,Completed
a31ef6bb-5093-41fa-b04f-63207513f60c,Cross-group object-oriented portal,2023-08-02,2024-02-11,297606,Active
6661f863-ca77-401c-bdaa-b38a48e679bf,Switchable intangible array,2023-03-28,2024-08-08,369517,On Hold
e7622174-1903-40af-9eb5-61246e30fd99,Open-architected upward-trending projection,2020-10-08,2024-09-07,164584,Completed
34b00a91-7fd2-4649-89f4-d4381185b285,Customer-focused foreground adapter,2023-01-03,2024-09-30,67258,Active
