TrainingID,EmployeeID,TrainingTitle,TrainingDate,DurationHours,Cost,Certification
23c8cb4d-2e15-403e-adbc-4153a5df650f,53c51bf8-b700-41e8-94f3-e8d0d56ace5b,Reduced object-oriented customer loyalty,2023-05-02,6,671,Yes
edb59941-223b-46e8-b75c-f2c56a332c0e,e6854c26-63e9-4ffa-94de-78ccd57a4e43,Virtual human-resource moratorium,2023-12-19,35,1919,No
f5fea206-e780-40c7-ba26-53e61096bcf8,00e2691f-c8ff-4821-8aa8-e617131586de,Customer-focused multi-tasking moderator,2024-07-14,28,3439,Yes
d2d3a7b8-b95c-47b0-9d6a-c66225019379,9f777087-4203-4d92-9bc3-8a3b75535605,Realigned fault-tolerant approach,2024-06-07,40,3758,No
344ee561-0716-42f6-a770-b40397871a59,ecf9a795-f4df-425d-bd57-c58d50860c22,Up-sized asynchronous monitoring,2024-01-11,25,509,Yes
3fc12606-4ec0-4ab5-a3a3-d36c87d95e73,2ca30431-1356-4301-b941-8891a30bd5e5,Object-based attitude-oriented help-desk,2024-09-09,28,4405,Yes
d5caa804-be42-44ad-8361-fdf096c2e7eb,0b03b900-f88c-43c0-ac44-29cdae0ef67a,Switchable discrete paradigm,2023-08-14,17,791,Yes
be2dff16-3cb7-4d72-9b0e-718d38a11098,6d7f88b8-3a0d-40a8-bf6e-05b705714aa4,Organic optimizing hub,2023-12-07,18,4099,No
addb38e0-ac13-48c6-9dfe-7eb1a293a6dc,20ad3e60-5726-4ad9-ad61-64d77f9d44bb,Configurable maximized instruction set,2023-06-07,21,4838,Yes
4baf96ee-6ffc-46fe-bb98-bba45902921e,ef42eebf-2f8e-40f0-87f5-49f3adf0821e,Realigned discrete definition,2024-09-11,21,720,No
145fce8e-04cf-4914-8631-18f3874cf4db,9f777087-4203-4d92-9bc3-8a3b75535605,De-engineered empowering process improvement,2023-12-21,17,1298,Yes
e12fed5f-110e-4a3e-97d3-4947a50fe612,03a0c70b-6c07-40bb-9115-fb914618c09b,De-engineered discrete core,2023-10-22,28,1234,Yes
707b5f70-6d0f-45fd-869d-61eabb7ecc4c,0dd472df-de4e-443f-bf5b-ac1f96c77cac,Expanded intangible encoding,2024-09-19,5,4332,No
45e2350c-8079-45e3-b44a-af5236bdcb22,33428d0d-ef56-4413-acab-b6c10c1b8bb8,Horizontal cohesive secured line,2023-01-07,34,2300,Yes
ec23bee0-dafb-4fe8-9a9f-a2c264892533,eda9f6fa-1c1f-4896-8b8c-23067ea8283f,Digitized fresh-thinking forecast,2024-04-11,17,3826,No
2f2d7200-7dc7-4af1-8b82-6b908676e815,161ef391-6038-4e5f-8db6-949acc545c41,Customer-focused methodical analyzer,2024-05-02,12,3831,Yes
26fbe7e6-617f-4719-b792-17681d1df09c,5373afd4-a91c-4508-8d4a-22b41fd93c60,Ameliorated global access,2023-04-12,36,4414,Yes
eadfbf01-8f21-41f0-bb7e-24c250387777,0ded85d5-b9a4-42f6-9179-867414d3b044,Customer-focused multimedia application,2023-05-03,33,2522,No
276bd84c-ab31-48d1-b8e8-44f773ed04d6,ec8d387a-86b7-4685-98e8-7d40adf7c713,Customer-focused analyzing forecast,2023-11-19,26,1976,Yes
ba1016fc-ce60-4526-a6bc-bfc1008d2787,88c3e45c-ada2-4cc4-8532-5f09773ccd85,Vision-oriented intermediate matrices,2024-10-07,39,4054,No
01574656-c4c0-4080-86b6-01ed187872f5,ffdd006f-9eb9-46d4-9e73-3d15c27989b3,Streamlined local process improvement,2024-09-09,4,4897,Yes
7466cd3d-99eb-4870-a8c8-7992ee2bca17,2fdd2102-0284-4663-9060-dd89488e1d22,Pre-emptive 5thgeneration emulation,2023-10-28,17,1661,Yes
ec939c84-57c5-4a75-9bce-183831452cf2,8f215eca-3adc-4475-90c6-b8b218baa6a7,Automated dedicated customer loyalty,2023-03-09,40,681,No
c18270c0-3841-40c1-b403-6ca1197dbdf9,840e9361-06fd-4656-af22-75aca4369972,Distributed neutral analyzer,2024-03-26,12,3526,Yes
861443f1-a192-4b30-8924-846910f45e17,0cb5aad2-5cd7-4a10-99d5-513521bdec25,Operative fault-tolerant hierarchy,2023-04-26,38,2525,Yes
802f3626-b791-4f18-a811-26f73908f0e4,5373afd4-a91c-4508-8d4a-22b41fd93c60,Persistent solution-oriented synergy,2023-03-13,29,2075,Yes
b53f2d13-e7b9-416d-9325-6db39e2cb408,1eae38ad-2717-4e32-9bb3-2114e879525d,Focused scalable utilization,2024-10-28,40,1158,Yes
e1601c10-e86f-414f-98aa-4513ffb30f21,283291bc-95ba-4c80-ac1a-0ac0bdd73142,Balanced interactive Internet solution,2024-06-16,40,4224,No
e207ca4a-0409-4e47-8e78-04d9bcc73516,a0d2a5b3-d8ee-40ed-8d68-67f7a7584eff,Open-architected scalable adapter,2023-01-22,39,775,No
990c6be1-24c3-4614-840f-86a9f5b0bf12,3eed8519-c06a-4333-9713-eafe0cdefb2a,Down-sized tertiary help-desk,2024-03-11,14,4636,Yes
8536eadf-713f-4f7f-a25d-69cc2e7ab67c,8f215eca-3adc-4475-90c6-b8b218baa6a7,Triple-buffered holistic hardware,2024-04-10,5,4044,Yes
7f2e2c6e-4793-4d11-8132-6fadecb0ea58,0ded85d5-b9a4-42f6-9179-867414d3b044,Assimilated interactive budgetary management,2023-10-21,5,4177,Yes
38275a6e-0d30-4c2c-a0ae-800344f80d8b,ee19728e-97d8-456c-ace5-38f4ec10c4ba,Persevering bi-directional artificial intelligence,2024-06-10,30,2301,No
950f6f78-fbe9-4684-b32c-1d8d1beca029,72975ecb-f27a-4fb4-966a-8752d5714e61,Optimized didactic open system,2024-11-03,27,4276,Yes
9827cd5d-583a-45c2-be4a-964989db526d,e6854c26-63e9-4ffa-94de-78ccd57a4e43,Mandatory systemic middleware,2024-12-02,10,3516,No
77fa541a-8268-4f67-b150-7f7052ba0252,d9de5010-c69f-4011-868f-7d4b4ce86f47,Robust homogeneous collaboration,2023-09-24,35,1814,No
2757b8de-49ee-4965-a67a-0eecb7a4c9d9,01688ba8-0f94-4c6e-a56e-abdcde9440c1,Fundamental leadingedge focus group,2023-10-22,4,4738,No
0be2b25c-8e48-4ab4-9188-4dd072d077d7,83178028-9717-4c84-932f-ac3b2438de6b,Operative even-keeled solution,2022-12-31,8,816,Yes
bf7e9e38-7d21-4365-a4b3-0e00f1433cf8,391b0ef4-a3d5-4d32-a6b2-6152bca3acd4,Down-sized background budgetary management,2024-02-09,12,4005,Yes
7677fef4-a06e-4558-9287-272a4c9ddeec,c9843423-45ed-4aee-adaa-7cf5bebfb14b,Cross-group discrete strategy,2024-09-01,16,2809,No
39a02c7f-5531-4152-8ffb-29a165bfc556,c9843423-45ed-4aee-adaa-7cf5bebfb14b,Grass-roots analyzing installation,2023-01-25,29,2321,No
d47ca8aa-b990-4013-ad8e-4f5a7735bad2,9fc383b5-d2b2-4853-baeb-a699142c9cdc,Object-based mobile Internet solution,2023-03-03,12,4109,Yes
59b2a464-075f-411d-9b4e-9f35a8277e64,b7ba531f-5d98-42a4-be97-aeeaa8990bb9,Up-sized 6thgeneration help-desk,2023-11-14,15,4854,No
9ed25bd6-9053-4bb2-b332-e94df7104291,1e3f36b9-f482-413c-8cc2-70ad0bcf7a46,Synergistic holistic intranet,2023-03-26,5,3921,No
ad809e60-9782-4588-a86d-a6cec16ede6f,b27255c4-411d-404b-ac9e-a35e9927d2b9,Distributed heuristic challenge,2023-04-22,19,1928,No
7880557e-ad16-47d0-8c5b-00eec05b3996,53c51bf8-b700-41e8-94f3-e8d0d56ace5b,Implemented static neural-net,2023-10-19,34,522,Yes
4750532c-f874-4926-af4b-70b0725de55b,3c03dbc4-135c-463f-ae0d-dd6532ba4751,Triple-buffered reciprocal monitoring,2023-06-02,18,4167,No
d6c53d5d-9f7d-45b7-bcb7-615c0a8e0814,0ded85d5-b9a4-42f6-9179-867414d3b044,Universal dynamic help-desk,2023-05-13,24,4293,Yes
d26d4eca-93a3-404c-b248-2995a15a8a6e,0bc06e9d-d558-4b4e-a386-0e7f19cf2967,Object-based object-oriented contingency,2023-10-28,9,3920,No
e0af9e48-8ce1-4ab7-8e89-10148d116e07,161ef391-6038-4e5f-8db6-949acc545c41,Implemented composite flexibility,2024-08-11,36,3428,No
b08541d3-969e-491a-bbc8-81d47ca46259,391b0ef4-a3d5-4d32-a6b2-6152bca3acd4,Mandatory holistic attitude,2024-12-14,34,1978,No
30bbf0b9-a9bd-447b-b11b-e54b2fef602d,e12da74b-b76b-4cd2-b238-a7d88dc4bec7,Pre-emptive human-resource interface,2024-09-05,17,2480,Yes
fa465f72-31fd-4071-b0b1-f6dcafec5160,bb620f52-02c9-495c-9fb0-412ca60e7208,Switchable empowering extranet,2024-10-21,12,1506,Yes
10fd5fc7-4b4b-479b-b9b1-8540fbcf270d,136b62b0-ff56-4704-9735-a2635853d8cf,Cross-group transitional open system,2024-05-26,18,3447,Yes
dc28d8f5-befe-48b8-89e3-07ff0336e515,bb620f52-02c9-495c-9fb0-412ca60e7208,Open-source user-facing encryption,2023-08-20,4,2713,Yes
5f730017-6347-4bd1-9cf0-a875caf73db9,f067e064-eab1-46b7-b0e8-b162524ebfea,Ergonomic 3rdgeneration functionalities,2024-08-23,31,3831,No
5fe2eaec-1cb8-4266-827b-416ded0156c9,2fdd2102-0284-4663-9060-dd89488e1d22,Synergistic grid-enabled challenge,2023-11-26,31,1431,No
362b6b20-136b-4c21-aef3-2fb89af3e27a,e65f045f-10e1-4652-b6e0-921f4a0c4bba,Up-sized homogeneous ability,2023-08-09,28,4320,No
a72f6d5c-eaa3-464c-b892-55b8acb70bb1,88c3e45c-ada2-4cc4-8532-5f09773ccd85,User-friendly uniform knowledge user,2023-07-23,7,3873,Yes
9ea3a6d8-0ec6-4cdf-b58e-b2e666daddfa,392ebd35-6c0c-4485-b2c1-512817c7776d,Devolved web-enabled architecture,2024-06-24,22,2485,No
dc1f230a-2c35-424c-9969-f1a5333b8e4d,136b62b0-ff56-4704-9735-a2635853d8cf,Sharable disintermediate moderator,2024-05-23,21,4716,No
270f5415-cde6-49db-8267-801ab7e3f27f,a0d2a5b3-d8ee-40ed-8d68-67f7a7584eff,Persistent cohesive Graphical User Interface,2024-02-10,15,4627,Yes
cb24868a-3622-4bfe-beab-d485ed7d72ad,2ca30431-1356-4301-b941-8891a30bd5e5,Versatile bi-directional data-warehouse,2023-10-21,31,990,No
7ebd4b2a-901f-43e4-a4f6-6bc5aba8fcf7,9fc383b5-d2b2-4853-baeb-a699142c9cdc,Adaptive impactful instruction set,2023-08-11,31,4756,No
29b33ade-7e2f-4c44-aa13-60ed0ea381fa,ee19728e-97d8-456c-ace5-38f4ec10c4ba,Front-line next generation task-force,2024-07-21,23,3470,No
5a54307c-e44d-464e-bdf4-fa97789000de,6867a041-5f8a-4e7c-9e86-58a60a95814d,Digitized multi-state middleware,2023-03-06,17,4096,Yes
ea1e3b2a-7748-4243-a0fc-e5e1118e4f50,0b03b900-f88c-43c0-ac44-29cdae0ef67a,Triple-buffered cohesive alliance,2023-03-09,20,3487,Yes
5d3a8a23-3977-4ef9-9076-16df4be802cd,7da27e35-0ee9-4b9c-a19c-2dc502589bf2,Diverse analyzing Internet solution,2024-09-03,38,2715,Yes
f9da7bfe-2abd-4f2f-9bfe-3221c1a694e6,6867a041-5f8a-4e7c-9e86-58a60a95814d,Re-engineered bifurcated focus group,2023-07-07,28,1880,Yes
cca63efa-d85b-4f3c-b006-e82ff6a68906,b8d176fe-20df-4cab-b4fa-c6c32e49629a,Programmable neutral open system,2023-06-05,16,3142,Yes
160698d3-1da0-445c-86f5-6a98a2dcbf01,5e2ad7f2-a4f5-4777-949a-4498304d5f82,Switchable attitude-oriented hub,2024-12-26,18,1733,Yes
1a54009f-8184-4433-91a6-0aa2c950652b,751d91d3-08ee-44cd-84a8-27a9de9356f1,Down-sized executive concept,2023-04-29,25,1578,No
0c21b812-972d-4b8f-84bb-cbab64cf2f52,5efe0883-5293-4f37-bb4c-e7f9d20013f5,Open-architected regional artificial intelligence,2024-07-11,6,3482,No
49f3ebc3-3bd5-4dc8-b65c-a84888b36aa5,85143113-19d4-4d9b-8999-7deb58b24b28,Business-focused composite firmware,2023-03-05,6,3481,No
cdd746f8-2bc9-4b18-a6ec-4f21310f1e48,3c03dbc4-135c-463f-ae0d-dd6532ba4751,Triple-buffered systematic structure,2023-11-09,28,1745,No
2604b18b-ba7a-4564-8c01-c42668852d7a,b545d3e0-cce0-41dc-a346-cfbc9418697b,Fundamental bandwidth-monitored help-desk,2024-01-27,29,4460,Yes
f64e9671-e4e2-443a-a166-5a499c3f039b,a752840a-20ad-486f-88bd-0397ce41285d,Future-proofed holistic task-force,2024-04-30,31,2754,No
18dbf36b-de5e-49de-8f49-12fcaa308a3a,a0d2a5b3-d8ee-40ed-8d68-67f7a7584eff,Innovative asynchronous portal,2024-06-27,11,3201,Yes
ff110534-c192-4e94-a8c4-8798748915e9,09f374a5-7d07-4abd-ab0e-6b7fb009235a,Open-architected neutral encoding,2023-05-20,36,3626,Yes
0f86c3e4-83a1-4668-875b-d9b290688694,9f777087-4203-4d92-9bc3-8a3b75535605,Multi-tiered client-driven access,2023-07-21,31,4254,No
c80d0806-4769-4d2f-8354-80b6f95a163b,6b0ebebf-0f25-4655-9d31-3960e4ae03d6,Multi-layered incremental open architecture,2023-11-25,22,591,Yes
71c864aa-90de-4729-8f67-b59ae3c023ea,01688ba8-0f94-4c6e-a56e-abdcde9440c1,Quality-focused 5thgeneration support,2023-12-01,39,1258,Yes
c01b0649-9098-4abd-a816-5ff29df96ac2,b7ba531f-5d98-42a4-be97-aeeaa8990bb9,Extended bi-directional solution,2023-03-23,19,4245,No
ed575188-760c-4327-97f9-250499f55653,fbd1513a-ae1a-4dae-a8b6-8a9bb922d164,Monitored context-sensitive model,2023-03-27,5,3716,Yes
9c5fd5f4-07be-439b-b6e6-6747dc4a676a,4f1f4643-f459-46b1-83a2-f1e25a851efd,Managed responsive hierarchy,2023-02-14,36,3531,Yes
84c4be7a-f89e-4fc6-94a0-25e36025b4c0,53c51bf8-b700-41e8-94f3-e8d0d56ace5b,Focused systematic extranet,2023-07-03,30,843,Yes
d283ab22-68df-4285-b635-de15aec9887b,156a669d-12ab-4b1a-a13b-29ffbcedfcaf,Digitized neutral conglomeration,2023-02-07,35,965,Yes
1a7b2951-c773-46ee-be89-59568f7e91ee,751d91d3-08ee-44cd-84a8-27a9de9356f1,Operative 3rdgeneration framework,2023-04-23,16,4038,Yes
b558fb52-9860-453a-bed3-bfab0c84d3e6,9fc383b5-d2b2-4853-baeb-a699142c9cdc,Customer-focused explicit help-desk,2024-05-29,14,2040,Yes
19a72f02-4208-4116-8191-3f7274fafe46,7827963f-6cc2-449a-ab20-cdcbedc7adf5,Horizontal exuding encryption,2023-04-05,19,3917,No
909d2617-2a4a-4cf3-9702-4878924d53af,b8d176fe-20df-4cab-b4fa-c6c32e49629a,Configurable asymmetric initiative,2023-08-29,9,794,No
e05e489b-404f-4a8b-97f2-581f75024f93,aa6d99c4-20bd-4766-97ab-aa525bac5843,Multi-channeled multi-tasking process improvement,2023-04-21,20,1852,No
85b68f75-ff26-4c7d-baca-8c8f1bb6ed0e,392ebd35-6c0c-4485-b2c1-512817c7776d,Integrated multimedia process improvement,2024-12-06,7,1433,Yes
623934a2-2e9e-481a-a78e-f03314d4ad7d,77cf5ad5-6fb4-477d-be39-1b80b04ca7d2,Compatible secondary pricing structure,2024-07-13,17,4838,Yes
d5f9f308-2394-421a-952e-ef647a4df21e,bb620f52-02c9-495c-9fb0-412ca60e7208,Robust attitude-oriented migration,2024-05-02,22,2151,Yes
81d90416-8ba7-4f19-838c-6ac06b636219,67ca7962-292a-4349-be84-166e72eee9ab,Reverse-engineered object-oriented secured line,2023-08-25,35,4163,No
4e4ad4ae-2590-4d0c-8335-81f8f51f22b6,6b0ebebf-0f25-4655-9d31-3960e4ae03d6,Robust radical throughput,2023-05-09,26,2139,Yes
65294951-7204-40a8-aa02-dc7719bc4d1a,d6bbf492-c1ef-4309-9b52-ce1c969f6822,Reactive explicit open system,2024-01-13,8,4988,Yes
d6d62122-8fb8-4cd4-b093-2a2756a4ab55,8f215eca-3adc-4475-90c6-b8b218baa6a7,Total eco-centric methodology,2023-03-03,37,3621,Yes
1db3dc2e-d966-413e-868b-698bc7e7130d,33428d0d-ef56-4413-acab-b6c10c1b8bb8,Compatible web-enabled adapter,2023-06-29,38,4101,No
